time,open,close,macd,mom,rsi
1.0,2.0,3.0,4.0,5.0,6.0
1666567041.638876,1367.13,1367.13,0.47018862,1.46,53.31133944
1666567067.249629,1367.13,1367.31,0.4845476,1.64,54.14756109
1666567157.9555087,1366.61,1366.61,0.34944327,0.14,50.40160667
1666567167.926542,1366.61,1366.61,0.34944327,0.14,50.40160667
1666567177.9365804,1366.61,1366.61,0.34944327,0.14,50.40160667
1666567187.9044344,1366.61,1366.85,0.36858857,0.38,51.64646504
1666567197.9118013,1366.61,1366.85,0.36858857,0.38,51.64646504
