,time,open,close,macd,mom,rsi
0,1.0,2.0,3.0,4.0,5.0,6.0
1,1666567041.4466066,1367.13,1367.13,0.47018862,1.46,53.31133944
