time,open,close,macd,mom,rsi
1666568997.8196836,19564.52,19565.75,1.41447993,-6.31,48.99690724
1667948866.013487,1329.22,1326.68,0.96731101,2.95,56.12560708
1667948873.227252,1329.22,1326.68,0.96731101,2.95,56.12560708
1667948883.3177805,1329.22,1326.68,0.96731101,2.95,56.12560708
1667948893.8628197,1328.24,1328.24,1.35258973,11.54,58.78587396
1667948903.4412117,1328.24,1328.24,1.35258973,11.54,58.78587396
1667948913.319425,1328.24,1328.24,1.35258973,11.54,58.78587396
1667948923.2836566,1328.24,1328.06,1.33823075,11.36,58.44166724
