,time,open,close,macd,mom,rsi
0,1.0,2.0,3.0,4.0,5.0,6.0
1,1666567041.3751335,19579.9,19579.9,-4.22092934,-3.9,42.00307678
