time,open,close,macd,mom,rsi
1.0,2.0,3.0,4.0,5.0,6.0
1666567041.3751335,19579.9,19579.9,-4.22092934,-3.9,42.00307678
1666567057.0423677,19579.9,19579.9,-4.22092934,-3.9,42.00307678
1666567067.0989387,19579.9,19583.19,-3.9584792,-0.61,44.04458072
1666567157.745697,19580.13,19580.13,-4.68284443,-14.94,42.43178087
1666567167.7360637,19580.13,19580.13,-4.68284443,-14.94,42.43178087
1666567177.743163,19580.13,19580.13,-4.68284443,-14.94,42.43178087
1666567187.7177987,19580.13,19580.33,-4.66689001,-14.74,42.53523424
1666567197.7333372,19580.13,19580.33,-4.66689001,-14.74,42.53523424
